epoch,size_bin,recall_at_05,median_iou,fp_above_tp_median,median_tp_conf,gt_count,tp_count,fp_count
0,0-8,0.3353,0.6235,0.2112,0.1045,6382,2140,21911
0,8-16,0.5346,0.6761,0.1202,0.1376,10958,5858,44527
0,16-32,0.6088,0.7566,0.0822,0.1635,13434,8179,39783
0,32-64,0.7586,0.8424,0.0408,0.3057,6098,4626,21851
0,64-128,0.8084,0.8412,0.031,0.2974,1743,1409,10322
0,128-9999,0.75,0.7455,0.0171,0.276,144,108,3686
1,0-8,0.4166,0.6393,0.1184,0.103,6382,2659,18799
1,8-16,0.6174,0.6984,0.0847,0.149,10958,6766,43580
1,16-32,0.6988,0.7768,0.0568,0.2044,13434,9388,42646
1,32-64,0.8491,0.8596,0.0213,0.3684,6098,5178,21773
1,64-128,0.8967,0.8678,0.0176,0.3794,1743,1563,8565
1,128-9999,0.875,0.8021,0.0122,0.1937,144,126,3357
2,0-8,0.4691,0.6486,0.0942,0.1082,6382,2994,24267
2,8-16,0.653,0.7073,0.0683,0.1688,10958,7156,50665
2,16-32,0.7262,0.7863,0.0446,0.251,13434,9756,40957
2,32-64,0.8504,0.8775,0.0165,0.4148,6098,5186,14529
2,64-128,0.8698,0.8892,0.0182,0.3157,1743,1516,4995
2,128-9999,0.8889,0.8522,0.0034,0.2197,144,128,2051
3,0-8,0.5177,0.6434,0.0996,0.1404,6382,3304,20156
3,8-16,0.6928,0.7175,0.0507,0.2227,10958,7592,52192
3,16-32,0.7646,0.7911,0.0329,0.3594,13434,10272,38714
3,32-64,0.8831,0.8792,0.0104,0.7153,6098,5385,15350
3,64-128,0.9266,0.9061,0.0093,0.7559,1743,1615,6006
3,128-9999,0.9167,0.8942,0.0039,0.5381,144,132,2029
4,0-8,0.5403,0.652,0.0956,0.1339,6382,3448,23943
4,8-16,0.7062,0.7186,0.0477,0.212,10958,7738,46030
4,16-32,0.7826,0.7978,0.0292,0.3398,13434,10514,38691
4,32-64,0.8946,0.887,0.0094,0.6602,6098,5455,16254
4,64-128,0.9346,0.9156,0.0085,0.667,1743,1629,6011
4,128-9999,0.9097,0.9126,0.0018,0.5679,144,131,1655
5,0-8,0.5752,0.655,0.0827,0.1582,6382,3671,26694
5,8-16,0.7318,0.7222,0.0466,0.2437,10958,8019,45770
5,16-32,0.8071,0.8019,0.0242,0.4131,13434,10842,37513
5,32-64,0.9034,0.8919,0.0094,0.7417,6098,5509,13807
5,64-128,0.9415,0.9215,0.0081,0.731,1743,1641,5687
5,128-9999,0.9375,0.9182,0.0021,0.644,144,135,1410
6,0-8,0.579,0.6479,0.085,0.1755,6382,3695,32641
6,8-16,0.7291,0.7214,0.0404,0.2629,10958,7989,45676
6,16-32,0.8174,0.8078,0.0226,0.4282,13434,10981,35826
6,32-64,0.9129,0.8966,0.0096,0.6977,6098,5567,12657
6,64-128,0.9334,0.9232,0.0095,0.7593,1743,1627,4107
6,128-9999,0.9028,0.9221,0.0051,0.6658,144,130,987
7,0-8,0.5915,0.653,0.0718,0.15,6382,3775,28263
7,8-16,0.749,0.728,0.0373,0.2568,10958,8207,48910
7,16-32,0.8224,0.8099,0.0186,0.5039,13434,11048,36489
7,32-64,0.9113,0.8957,0.0084,0.8018,6098,5557,11157
7,64-128,0.9426,0.9281,0.0088,0.8291,1743,1643,3842
7,128-9999,0.9444,0.9277,0.0032,0.7886,144,136,944
8,0-8,0.6181,0.6666,0.0712,0.1968,6382,3945,28136
8,8-16,0.7604,0.729,0.0399,0.3191,10958,8332,53882
8,16-32,0.8182,0.8104,0.0193,0.5156,13434,10992,32874
8,32-64,0.9126,0.8978,0.0086,0.7983,6098,5565,10587
8,64-128,0.9363,0.9309,0.0113,0.803,1743,1632,3350
8,128-9999,0.9375,0.9305,0.0045,0.811,144,135,886
9,0-8,0.6103,0.6665,0.067,0.1766,6382,3895,26260
9,8-16,0.7694,0.7302,0.0368,0.291,10958,8431,49464
9,16-32,0.8367,0.8113,0.0174,0.5,13434,11240,35872
9,32-64,0.9118,0.9,0.0088,0.7812,6098,5560,11546
9,64-128,0.9392,0.9322,0.0075,0.8364,1743,1637,3743
9,128-9999,0.9306,0.9324,0.0021,0.8086,144,134,934
10,0-8,0.6192,0.6636,0.0702,0.1561,6382,3952,27303
10,8-16,0.7625,0.7304,0.0365,0.269,10958,8355,45592
10,16-32,0.839,0.8125,0.0191,0.4941,13434,11271,36740
10,32-64,0.9257,0.8967,0.0078,0.8018,6098,5645,13256
10,64-128,0.9512,0.9277,0.0072,0.8481,1743,1658,4318
10,128-9999,0.9444,0.9318,0.0044,0.8376,144,136,913
11,0-8,0.6119,0.6652,0.0695,0.1956,6382,3905,24964
11,8-16,0.7715,0.7286,0.0332,0.3157,10958,8454,50599
11,16-32,0.8374,0.8086,0.0158,0.5581,13434,11250,36562
11,32-64,0.9224,0.9003,0.0074,0.8174,6098,5625,12611
11,64-128,0.9478,0.9331,0.007,0.8481,1743,1652,3568
11,128-9999,0.9375,0.9405,0.0,0.8408,144,135,700
12,0-8,0.6138,0.658,0.0644,0.2095,6382,3917,27348
12,8-16,0.7735,0.7331,0.033,0.3585,10958,8476,48703
12,16-32,0.8391,0.8125,0.0146,0.5947,13434,11273,35075
12,32-64,0.9249,0.8995,0.0075,0.8267,6098,5640,12716
12,64-128,0.953,0.9334,0.0065,0.8623,1743,1661,3712
12,128-9999,0.9444,0.9325,0.0032,0.8279,144,136,633
13,0-8,0.631,0.6667,0.0668,0.1766,6382,4027,27356
13,8-16,0.7709,0.737,0.031,0.3225,10958,8448,48046
13,16-32,0.8487,0.8139,0.0156,0.5698,13434,11402,35623
13,32-64,0.9275,0.9011,0.0082,0.7983,6098,5656,11878
13,64-128,0.9616,0.9302,0.0064,0.8486,1743,1676,3417
13,128-9999,0.9514,0.9379,0.0014,0.8662,144,137,728
14,0-8,0.6384,0.6718,0.0593,0.1842,6382,4074,30670
14,8-16,0.7822,0.7405,0.03,0.3345,10958,8571,48907
14,16-32,0.8457,0.8164,0.0149,0.5718,13434,11361,33928
14,32-64,0.9239,0.9,0.0087,0.8232,6098,5634,11214
14,64-128,0.9552,0.9367,0.0079,0.875,1743,1665,3417
14,128-9999,0.9375,0.9439,0.0011,0.8989,144,135,880
15,0-8,0.6446,0.6689,0.0598,0.2161,6382,4114,28432
15,8-16,0.7798,0.7347,0.0289,0.3381,10958,8545,46944
15,16-32,0.8484,0.8179,0.0154,0.5796,13434,11397,35671
15,32-64,0.9252,0.9031,0.0078,0.8364,6098,5642,11635
15,64-128,0.9495,0.9359,0.0076,0.8608,1743,1655,3553
15,128-9999,0.9583,0.9319,0.0031,0.8872,144,138,638
16,0-8,0.6421,0.67,0.0588,0.2108,6382,4098,28873
16,8-16,0.7814,0.737,0.0277,0.3328,10958,8563,50666
16,16-32,0.8429,0.8175,0.0147,0.5947,13434,11324,33480
16,32-64,0.9264,0.9029,0.0093,0.814,6098,5649,11311
16,64-128,0.9449,0.9361,0.0094,0.855,1743,1647,2651
16,128-9999,0.9514,0.9404,0.002,0.8652,144,137,508
17,0-8,0.6409,0.664,0.0595,0.1865,6382,4090,25259
17,8-16,0.7919,0.7372,0.0271,0.3328,10958,8678,50501
17,16-32,0.8553,0.8165,0.0145,0.5928,13434,11490,35493
17,32-64,0.9295,0.901,0.0074,0.8267,6098,5668,11136
17,64-128,0.9575,0.9358,0.0076,0.8608,1743,1669,3165
17,128-9999,0.9514,0.9429,0.006,0.8852,144,137,503
18,0-8,0.6368,0.6656,0.0549,0.1981,6382,4064,28669
18,8-16,0.7803,0.7361,0.03,0.3293,10958,8550,48068
18,16-32,0.8476,0.8163,0.0148,0.5776,13434,11386,33304
18,32-64,0.9315,0.9027,0.007,0.8232,6098,5680,11658
18,64-128,0.9564,0.9355,0.0069,0.8843,1743,1667,3174
18,128-9999,0.9653,0.9421,0.0027,0.9004,144,139,752
19,0-8,0.6601,0.6679,0.0543,0.2366,6382,4213,28854
19,8-16,0.7934,0.7407,0.0253,0.3794,10958,8694,51443
19,16-32,0.8492,0.8206,0.013,0.6279,13434,11408,33367
19,32-64,0.9293,0.9034,0.0071,0.831,6098,5667,10159
19,64-128,0.9547,0.9375,0.0066,0.8613,1743,1664,2859
19,128-9999,0.9653,0.9398,0.0039,0.8823,144,139,508
20,0-8,0.6592,0.6693,0.0555,0.2173,6382,4207,31435
20,8-16,0.7886,0.7394,0.0258,0.3811,10958,8641,50166
20,16-32,0.8527,0.8192,0.0133,0.6533,13434,11455,32534
20,32-64,0.9236,0.9028,0.0085,0.8491,6098,5632,10190
20,64-128,0.953,0.9389,0.0089,0.876,1743,1661,2923
20,128-9999,0.9722,0.9459,0.0052,0.8828,144,140,572
21,0-8,0.6572,0.6709,0.0519,0.1968,6382,4194,26052
21,8-16,0.7955,0.7399,0.0282,0.3452,10958,8717,48404
21,16-32,0.8594,0.814,0.0136,0.6245,13434,11545,35314
21,32-64,0.9301,0.8995,0.0057,0.853,6098,5672,11762
21,64-128,0.957,0.9343,0.0069,0.876,1743,1668,3471
21,128-9999,0.9583,0.9437,0.0059,0.875,144,138,681
22,0-8,0.6623,0.6689,0.0499,0.2213,6382,4227,29989
22,8-16,0.7991,0.7409,0.0235,0.3684,10958,8757,50800
22,16-32,0.8537,0.8209,0.0142,0.6387,13434,11468,32667
22,32-64,0.9242,0.9023,0.0099,0.8589,6098,5636,9229
22,64-128,0.9466,0.9365,0.0075,0.8953,1743,1650,2915
22,128-9999,0.9722,0.9448,0.0034,0.8594,144,140,597
23,0-8,0.6545,0.6681,0.0501,0.2108,6382,4177,28354
23,8-16,0.7933,0.7399,0.0243,0.3577,10958,8693,49861
23,16-32,0.8498,0.8175,0.0142,0.6387,13434,11416,31505
23,32-64,0.9319,0.9021,0.0071,0.8501,6098,5683,10880
23,64-128,0.9575,0.9387,0.0058,0.8975,1743,1669,3296
23,128-9999,0.9514,0.9422,0.0016,0.8701,144,137,630
24,0-8,0.6496,0.6689,0.0567,0.1968,6382,4146,26287
24,8-16,0.7986,0.7422,0.0256,0.3594,10958,8751,49261
24,16-32,0.858,0.8206,0.0128,0.6279,13434,11526,34997
24,32-64,0.9324,0.9022,0.0081,0.8374,6098,5686,11446
24,64-128,0.9593,0.9399,0.0073,0.8669,1743,1672,3172
24,128-9999,0.9583,0.9461,0.0019,0.8459,144,138,528
25,0-8,0.6648,0.6717,0.0533,0.2018,6382,4243,28614
25,8-16,0.8001,0.7407,0.0258,0.3611,10958,8768,47021
25,16-32,0.8618,0.8202,0.0141,0.648,13434,11577,35131
25,32-64,0.9303,0.9017,0.0067,0.8501,6098,5673,11319
25,64-128,0.9461,0.9383,0.0091,0.8794,1743,1649,3088
25,128-9999,0.9514,0.9442,0.0066,0.874,144,137,453
26,0-8,0.6595,0.6751,0.05,0.2161,6382,4209,27893
26,8-16,0.8043,0.7437,0.0233,0.3887,10958,8813,51823
26,16-32,0.8644,0.8196,0.0144,0.6372,13434,11613,33502
26,32-64,0.9251,0.9034,0.0091,0.8481,6098,5641,9372
26,64-128,0.9535,0.9367,0.0101,0.8926,1743,1662,2478
26,128-9999,0.9583,0.9436,0.0022,0.9053,144,138,447
27,0-8,0.662,0.6725,0.0511,0.2095,6382,4225,27501
27,8-16,0.8054,0.7446,0.0245,0.385,10958,8826,50361
27,16-32,0.8604,0.8216,0.0136,0.6621,13434,11558,33166
27,32-64,0.9283,0.9036,0.0092,0.8491,6098,5661,10134
27,64-128,0.9495,0.9404,0.0085,0.8911,1743,1655,2712
27,128-9999,0.9583,0.9465,0.0042,0.9038,144,138,478
28,0-8,0.649,0.6713,0.0539,0.1779,6382,4142,26118
28,8-16,0.8016,0.7432,0.0249,0.3611,10958,8784,50304
28,16-32,0.8604,0.8209,0.0132,0.6494,13434,11558,34118
28,32-64,0.928,0.903,0.0078,0.8579,6098,5659,11048
28,64-128,0.9558,0.9375,0.0088,0.895,1743,1666,2733
28,128-9999,0.9653,0.9459,0.007,0.896,144,139,569
29,0-8,0.6713,0.6694,0.0456,0.2281,6382,4284,29203
29,8-16,0.8035,0.7437,0.0243,0.3867,10958,8805,49246
29,16-32,0.8609,0.8206,0.0143,0.6426,13434,11565,31736
29,32-64,0.9316,0.9019,0.0076,0.8472,6098,5681,10416
29,64-128,0.9558,0.9383,0.0089,0.8916,1743,1666,3031
29,128-9999,0.9514,0.9462,0.0052,0.8965,144,137,577
30,0-8,0.6813,0.6724,0.0492,0.2281,6382,4348,30396
30,8-16,0.8075,0.7462,0.0238,0.398,10958,8849,49037
30,16-32,0.8658,0.8221,0.0145,0.6792,13434,11631,31815
30,32-64,0.9321,0.9023,0.009,0.8589,6098,5684,9951
30,64-128,0.9558,0.9414,0.007,0.8989,1743,1666,3140
30,128-9999,0.9722,0.9454,0.0016,0.8887,144,140,632
31,0-8,0.6641,0.6743,0.0443,0.1993,6382,4238,27350
31,8-16,0.8119,0.7464,0.0233,0.3684,10958,8897,50122
31,16-32,0.8642,0.8229,0.0134,0.6602,13434,11609,34124
31,32-64,0.9298,0.904,0.0082,0.853,6098,5670,9508
31,64-128,0.9495,0.9415,0.0079,0.9014,1743,1655,2645
31,128-9999,0.9722,0.9479,0.0038,0.8962,144,140,532
32,0-8,0.667,0.6756,0.0439,0.2161,6382,4257,30223
32,8-16,0.8045,0.7455,0.0217,0.385,10958,8816,50666
32,16-32,0.8598,0.8235,0.0139,0.6704,13434,11551,31165
32,32-64,0.9315,0.9039,0.0099,0.853,6098,5680,8902
32,64-128,0.9455,0.9408,0.0109,0.897,1743,1648,2297
32,128-9999,0.9514,0.9478,0.0047,0.9028,144,137,425
33,0-8,0.6716,0.6737,0.0455,0.224,6382,4286,28940
33,8-16,0.8093,0.7465,0.0226,0.3999,10958,8868,49251
33,16-32,0.8636,0.8261,0.0137,0.6807,13434,11602,32283
33,32-64,0.9316,0.9043,0.0086,0.856,6098,5681,10068
33,64-128,0.9564,0.9415,0.0095,0.895,1743,1667,2422
33,128-9999,0.9583,0.9516,0.0014,0.9019,144,138,728
34,0-8,0.6724,0.6776,0.0463,0.2108,6382,4291,29851
34,8-16,0.8159,0.7481,0.0228,0.396,10958,8941,52587
34,16-32,0.8627,0.8242,0.0149,0.6909,13434,11589,29617
34,32-64,0.93,0.9043,0.0102,0.8643,6098,5671,8703
34,64-128,0.9541,0.9401,0.0102,0.897,1743,1663,2441
34,128-9999,0.9583,0.953,0.0018,0.8972,144,138,546
35,0-8,0.6796,0.6716,0.0433,0.2295,6382,4337,29213
35,8-16,0.8175,0.7457,0.0217,0.4092,10958,8958,51841
35,16-32,0.864,0.8226,0.0132,0.6807,13434,11607,31847
35,32-64,0.9241,0.9037,0.0104,0.8613,6098,5635,7773
35,64-128,0.9501,0.9395,0.0114,0.8928,1743,1656,2191
35,128-9999,0.9653,0.9491,0.0,0.8965,144,139,512
36,0-8,0.6744,0.671,0.0421,0.2366,6382,4304,29059
36,8-16,0.8128,0.7474,0.024,0.4055,10958,8907,49975
36,16-32,0.8592,0.825,0.0142,0.6943,13434,11543,31256
36,32-64,0.9328,0.9045,0.0079,0.8623,6098,5688,9380
36,64-128,0.9541,0.9424,0.0073,0.8965,1743,1663,2895
36,128-9999,0.9653,0.9537,0.002,0.897,144,139,490
37,0-8,0.6742,0.6759,0.0407,0.2295,6382,4303,29402
37,8-16,0.8129,0.7481,0.0234,0.4092,10958,8908,50720
37,16-32,0.8614,0.8236,0.0145,0.6992,13434,11572,30592
37,32-64,0.9296,0.9046,0.0109,0.854,6098,5669,9396
37,64-128,0.9512,0.942,0.0099,0.897,1743,1658,2616
37,128-9999,0.9653,0.9483,0.0056,0.9141,144,139,533
38,0-8,0.6924,0.6783,0.0427,0.2437,6382,4419,30977
38,8-16,0.813,0.747,0.0216,0.4168,10958,8909,49625
38,16-32,0.8601,0.8246,0.0148,0.6909,13434,11555,30747
38,32-64,0.9241,0.9051,0.0109,0.8652,6098,5635,9007
38,64-128,0.9472,0.9432,0.0126,0.9087,1743,1651,2384
38,128-9999,0.9722,0.952,0.0048,0.9314,144,140,419
39,0-8,0.6927,0.6752,0.0407,0.2351,6382,4421,31462
39,8-16,0.8176,0.7497,0.0211,0.4358,10958,8959,50587
39,16-32,0.8634,0.8251,0.0142,0.7041,13434,11599,29813
39,32-64,0.9254,0.9057,0.0114,0.8662,6098,5643,8236
39,64-128,0.9472,0.9422,0.0122,0.9072,1743,1651,2288
39,128-9999,0.9444,0.9485,0.0068,0.917,144,136,443
40,0-8,0.6725,0.6715,0.0399,0.2255,6382,4292,29059
40,8-16,0.8162,0.7469,0.0208,0.4282,10958,8944,50341
40,16-32,0.863,0.8232,0.0134,0.7139,13434,11593,31744
40,32-64,0.9313,0.9031,0.0103,0.8672,6098,5679,9334
40,64-128,0.9484,0.9408,0.0106,0.9048,1743,1653,2353
40,128-9999,0.9653,0.949,0.002,0.9097,144,139,498
41,0-8,0.6778,0.6753,0.04,0.2261,6382,4326,29738
41,8-16,0.8161,0.7486,0.0213,0.4321,10958,8943,50689
41,16-32,0.8631,0.8221,0.0137,0.7056,13434,11595,30962
41,32-64,0.926,0.9044,0.0099,0.8726,6098,5647,8968
41,64-128,0.9466,0.9429,0.0125,0.9094,1743,1650,2314
41,128-9999,0.9722,0.9498,0.0043,0.9077,144,140,462
42,0-8,0.6825,0.6763,0.04,0.2255,6382,4356,29857
42,8-16,0.8115,0.7481,0.0223,0.4168,10958,8892,50524
42,16-32,0.8601,0.8247,0.0134,0.6929,13434,11555,30943
42,32-64,0.9236,0.9055,0.0084,0.8687,6098,5632,9088
42,64-128,0.953,0.9416,0.0091,0.9058,1743,1661,2412
42,128-9999,0.9583,0.951,0.003,0.9199,144,138,336
43,0-8,0.6865,0.6774,0.0417,0.2422,6382,4381,30750
43,8-16,0.8157,0.7486,0.0215,0.4456,10958,8938,49829
43,16-32,0.8619,0.8248,0.0134,0.7168,13434,11579,30357
43,32-64,0.9251,0.9046,0.0104,0.873,6098,5641,8885
43,64-128,0.957,0.9422,0.0078,0.9062,1743,1668,2437
43,128-9999,0.9653,0.9487,0.0047,0.8862,144,139,430
44,0-8,0.6932,0.6773,0.0389,0.2437,6382,4424,31071
44,8-16,0.8153,0.7496,0.0217,0.4321,10958,8934,49877
44,16-32,0.8612,0.8249,0.0144,0.7124,13434,11569,30837
44,32-64,0.9223,0.9048,0.012,0.873,6098,5624,8164
44,64-128,0.9478,0.9425,0.0107,0.9082,1743,1652,2159
44,128-9999,0.9653,0.951,0.0029,0.915,144,139,349
45,0-8,0.6827,0.6731,0.0397,0.2227,6382,4357,30595
45,8-16,0.8184,0.7476,0.0192,0.4397,10958,8968,50740
45,16-32,0.865,0.8251,0.0145,0.6943,13434,11621,30396
45,32-64,0.9267,0.9046,0.0104,0.8687,6098,5651,8589
45,64-128,0.9518,0.9433,0.0092,0.9106,1743,1659,2277
45,128-9999,0.9514,0.952,0.0028,0.915,144,137,361
46,0-8,0.6775,0.674,0.0385,0.2295,6382,4324,29754
46,8-16,0.8169,0.7481,0.02,0.4416,10958,8952,51464
46,16-32,0.8644,0.8233,0.0141,0.709,13434,11613,30141
46,32-64,0.9275,0.9035,0.0097,0.8728,6098,5656,8466
46,64-128,0.9449,0.9403,0.014,0.9072,1743,1647,2144
46,128-9999,0.9653,0.9496,0.0054,0.9199,144,139,369
47,0-8,0.6799,0.6757,0.0378,0.2466,6382,4339,28869
47,8-16,0.8152,0.749,0.0202,0.459,10958,8933,51953
47,16-32,0.8627,0.8254,0.0138,0.7202,13434,11589,30460
47,32-64,0.9249,0.9058,0.0103,0.8716,6098,5640,8288
47,64-128,0.9438,0.9425,0.0109,0.9092,1743,1645,2296
47,128-9999,0.9792,0.9504,0.0019,0.9165,144,141,518
48,0-8,0.6929,0.6755,0.0382,0.2407,6382,4422,31824
48,8-16,0.812,0.7502,0.021,0.4514,10958,8898,48545
48,16-32,0.8607,0.8254,0.0145,0.7195,13434,11562,30001
48,32-64,0.9214,0.9056,0.0104,0.8765,6098,5619,8525
48,64-128,0.9507,0.9427,0.0111,0.9131,1743,1657,2070
48,128-9999,0.9722,0.9518,0.0054,0.9202,144,140,373
49,0-8,0.6854,0.6756,0.0369,0.2366,6382,4374,30357
49,8-16,0.8209,0.7496,0.0219,0.4495,10958,8995,50714
49,16-32,0.8609,0.8245,0.0147,0.7202,13434,11565,29437
49,32-64,0.9246,0.9051,0.0108,0.8789,6098,5638,8904
49,64-128,0.9495,0.941,0.0089,0.915,1743,1655,2251
49,128-9999,0.9514,0.9473,0.002,0.9219,144,137,494
50,0-8,0.6891,0.6728,0.0359,0.2422,6382,4398,31737
50,8-16,0.819,0.749,0.0203,0.457,10958,8975,50138
50,16-32,0.8623,0.8251,0.0144,0.7217,13434,11584,29224
50,32-64,0.9221,0.9058,0.0121,0.874,6098,5623,8412
50,64-128,0.9455,0.9424,0.0104,0.9155,1743,1648,1917
50,128-9999,0.9514,0.9512,0.0033,0.9263,144,137,300
51,0-8,0.6902,0.676,0.0367,0.248,6382,4405,32067
51,8-16,0.8199,0.75,0.0208,0.4551,10958,8985,49249
51,16-32,0.8628,0.8247,0.015,0.728,13434,11591,28839
51,32-64,0.9278,0.9039,0.0097,0.873,6098,5658,8944
51,64-128,0.9484,0.942,0.0096,0.9155,1743,1653,2301
51,128-9999,0.9444,0.9511,0.0069,0.9231,144,136,289
52,0-8,0.686,0.6757,0.0362,0.2568,6382,4378,30034
52,8-16,0.8169,0.7517,0.0199,0.4766,10958,8952,50382
52,16-32,0.8653,0.8244,0.014,0.7266,13434,11624,30369
52,32-64,0.9269,0.9038,0.0121,0.8779,6098,5652,8162
52,64-128,0.9449,0.9428,0.0129,0.9219,1743,1647,1863
52,128-9999,0.9653,0.9539,0.0035,0.9277,144,139,288
53,0-8,0.6904,0.6796,0.0368,0.2554,6382,4406,31138
53,8-16,0.818,0.7522,0.0206,0.4746,10958,8964,50431
53,16-32,0.8621,0.8236,0.0139,0.7266,13434,11581,30005
53,32-64,0.9214,0.905,0.012,0.876,6098,5619,8346
53,64-128,0.9403,0.9417,0.0114,0.9175,1743,1639,1935
53,128-9999,0.9375,0.9552,0.0035,0.9268,144,135,283
54,0-8,0.6891,0.6766,0.0346,0.2554,6382,4398,31186
54,8-16,0.8181,0.7506,0.0197,0.4805,10958,8965,49100
54,16-32,0.8664,0.8247,0.0143,0.7358,13434,11639,29841
54,32-64,0.9269,0.9055,0.0114,0.875,6098,5652,8504
54,64-128,0.9455,0.9417,0.0122,0.9141,1743,1648,1969
54,128-9999,0.9583,0.9557,0.0029,0.9319,144,138,340
55,0-8,0.697,0.6762,0.0366,0.2554,6382,4448,32202
55,8-16,0.8139,0.7497,0.0197,0.4863,10958,8919,48289
55,16-32,0.8631,0.8252,0.0135,0.7339,13434,11595,30133
55,32-64,0.9241,0.9057,0.0113,0.8784,6098,5635,8209
55,64-128,0.9392,0.9425,0.0114,0.918,1743,1637,1838
55,128-9999,0.9306,0.9555,0.013,0.9326,144,134,230
56,0-8,0.6984,0.6785,0.0372,0.2583,6382,4457,33094
56,8-16,0.8158,0.7486,0.0202,0.4795,10958,8940,48208
56,16-32,0.8601,0.8242,0.0137,0.7324,13434,11555,29871
56,32-64,0.9251,0.9068,0.0118,0.8784,6098,5641,7895
56,64-128,0.9386,0.9423,0.0125,0.919,1743,1636,1766
56,128-9999,0.9444,0.9554,0.0034,0.9377,144,136,298
57,0-8,0.6887,0.6768,0.0346,0.2673,6382,4395,31928
57,8-16,0.8169,0.7475,0.0194,0.4922,10958,8952,48783
57,16-32,0.8634,0.8253,0.0137,0.7373,13434,11599,29635
57,32-64,0.9237,0.906,0.0105,0.8833,6098,5633,8389
57,64-128,0.9357,0.9427,0.0119,0.9209,1743,1631,1772
57,128-9999,0.9444,0.9524,0.0033,0.9292,144,136,303
58,0-8,0.6899,0.679,0.0349,0.2612,6382,4403,32701
58,8-16,0.815,0.7506,0.0193,0.5,10958,8931,49334
58,16-32,0.8607,0.8256,0.0132,0.7505,13434,11562,29473
58,32-64,0.9216,0.9066,0.0125,0.8843,6098,5620,8106
58,64-128,0.9386,0.9432,0.0164,0.9194,1743,1636,1705
58,128-9999,0.9653,0.9489,0.0037,0.9307,144,139,272
59,0-8,0.6885,0.6783,0.0334,0.269,6382,4394,32874
59,8-16,0.8101,0.7515,0.0188,0.5039,10958,8877,49049
59,16-32,0.859,0.8254,0.0142,0.7476,13434,11540,29519
59,32-64,0.9203,0.906,0.0133,0.8818,6098,5612,7727
59,64-128,0.9438,0.9434,0.0178,0.9219,1743,1645,1631
59,128-9999,0.9653,0.9525,0.003,0.9351,144,139,328
60,0-8,0.6937,0.6791,0.0357,0.2659,6382,4427,32479
60,8-16,0.818,0.7525,0.018,0.502,10958,8964,49896
60,16-32,0.8597,0.8257,0.0144,0.7432,13434,11549,28824
60,32-64,0.9205,0.9055,0.013,0.8823,6098,5613,7841
60,64-128,0.9346,0.9433,0.0149,0.9204,1743,1629,1741
60,128-9999,0.9653,0.9484,0.0034,0.9341,144,139,298
61,0-8,0.6937,0.6804,0.0338,0.2583,6382,4427,33186
61,8-16,0.8158,0.7517,0.0186,0.5,10958,8939,48432
61,16-32,0.8612,0.8251,0.0145,0.7432,13434,11569,29024
61,32-64,0.9208,0.9056,0.0121,0.8857,6098,5615,8356
61,64-128,0.9438,0.9439,0.0135,0.9214,1743,1645,1773
61,128-9999,0.9514,0.9502,0.0035,0.9336,144,137,282
62,0-8,0.6935,0.6795,0.0338,0.2598,6382,4426,32360
62,8-16,0.8146,0.7523,0.019,0.5078,10958,8926,48821
62,16-32,0.8583,0.8252,0.0145,0.7446,13434,11530,29633
62,32-64,0.9205,0.9055,0.0131,0.8823,6098,5613,7797
62,64-128,0.9398,0.9436,0.0117,0.9224,1743,1638,1534
62,128-9999,0.9583,0.9514,0.0042,0.9324,144,138,237
63,0-8,0.6893,0.6778,0.0329,0.2705,6382,4399,32395
63,8-16,0.814,0.7503,0.0192,0.5088,10958,8920,49335
63,16-32,0.8582,0.8258,0.0143,0.7461,13434,11529,29520
63,32-64,0.9196,0.9047,0.0133,0.8857,6098,5608,7769
63,64-128,0.9421,0.9418,0.0172,0.9209,1743,1642,1626
63,128-9999,0.9514,0.9504,0.0047,0.9351,144,137,211
64,0-8,0.6902,0.6806,0.0325,0.2598,6382,4405,32418
64,8-16,0.8198,0.7506,0.0193,0.5117,10958,8983,48906
64,16-32,0.858,0.8258,0.0143,0.752,13434,11527,28911
64,32-64,0.9211,0.904,0.013,0.8848,6098,5617,8130
64,64-128,0.9352,0.9427,0.0156,0.9243,1743,1630,1539
64,128-9999,0.9583,0.9511,0.005,0.9368,144,138,200
65,0-8,0.6971,0.6812,0.0353,0.2659,6382,4449,33356
65,8-16,0.8206,0.7505,0.0206,0.5176,10958,8992,48212
65,16-32,0.8563,0.8264,0.0152,0.7505,13434,11504,28665
65,32-64,0.9182,0.9046,0.0127,0.8872,6098,5599,7811
65,64-128,0.9398,0.9437,0.0155,0.9248,1743,1638,1614
65,128-9999,0.9444,0.95,0.0045,0.9399,144,136,220
66,0-8,0.6902,0.6806,0.0341,0.2673,6382,4405,33375
66,8-16,0.8158,0.7518,0.0193,0.5215,10958,8939,48276
66,16-32,0.8525,0.8265,0.0151,0.7593,13434,11453,28411
66,32-64,0.9185,0.9038,0.0145,0.8872,6098,5601,8072
66,64-128,0.9369,0.9436,0.0169,0.9263,1743,1633,1656
66,128-9999,0.9514,0.9517,0.004,0.9385,144,137,251
67,0-8,0.6913,0.6789,0.0323,0.2659,6382,4412,32902
67,8-16,0.8166,0.7514,0.019,0.5215,10958,8948,48561
67,16-32,0.8551,0.8268,0.0145,0.7593,13434,11487,28777
67,32-64,0.9187,0.905,0.0142,0.8882,6098,5602,7664
67,64-128,0.938,0.9435,0.0167,0.9248,1743,1635,1679
67,128-9999,0.9514,0.9512,0.0049,0.9448,144,137,205
68,0-8,0.6894,0.681,0.0312,0.2752,6382,4400,33418
68,8-16,0.8139,0.7519,0.0188,0.5215,10958,8919,48224
68,16-32,0.8578,0.8259,0.015,0.7593,13434,11524,28451
68,32-64,0.9155,0.9048,0.0144,0.8931,6098,5583,7654
68,64-128,0.9369,0.9444,0.0173,0.9273,1743,1633,1562
68,128-9999,0.9583,0.9546,0.0058,0.9426,144,138,173
69,0-8,0.6868,0.6796,0.0335,0.2598,6382,4383,32985
69,8-16,0.8119,0.7546,0.0193,0.5273,10958,8897,48333
69,16-32,0.8567,0.8261,0.0152,0.7563,13434,11509,28749
69,32-64,0.9139,0.9058,0.0143,0.8887,6098,5573,7854
69,64-128,0.9346,0.9438,0.0159,0.9243,1743,1629,1633
69,128-9999,0.9583,0.9529,0.0056,0.9426,144,138,178
70,0-8,0.6954,0.6799,0.0338,0.2568,6382,4438,32871
70,8-16,0.8173,0.7532,0.0195,0.5273,10958,8956,48065
70,16-32,0.8574,0.8255,0.0145,0.7593,13434,11518,28866
70,32-64,0.918,0.9045,0.0144,0.8884,6098,5598,7874
70,64-128,0.9357,0.9429,0.016,0.9263,1743,1631,1622
70,128-9999,0.9722,0.9531,0.0054,0.9429,144,140,185
71,0-8,0.6926,0.682,0.0326,0.272,6382,4420,33437
71,8-16,0.8147,0.7522,0.0192,0.5352,10958,8928,47779
71,16-32,0.8583,0.8252,0.0149,0.7607,13434,11530,28874
71,32-64,0.9162,0.9045,0.0156,0.8897,6098,5587,7486
71,64-128,0.9363,0.9432,0.0186,0.9268,1743,1632,1506
71,128-9999,0.9653,0.9549,0.0059,0.9463,144,139,170
72,0-8,0.6935,0.6796,0.0325,0.2629,6382,4426,33143
72,8-16,0.8175,0.7516,0.0191,0.5371,10958,8958,48102
72,16-32,0.8553,0.826,0.0143,0.7661,13434,11490,28945
72,32-64,0.9147,0.9044,0.0151,0.8916,6098,5578,7465
72,64-128,0.9375,0.9436,0.0179,0.9302,1743,1634,1454
72,128-9999,0.9653,0.9567,0.0049,0.9502,144,139,205
73,0-8,0.6962,0.6792,0.0323,0.272,6382,4443,33579
73,8-16,0.8158,0.751,0.0194,0.5449,10958,8939,48142
73,16-32,0.8543,0.8249,0.015,0.769,13434,11476,28329
73,32-64,0.9113,0.9056,0.0156,0.8916,6098,5557,7519
73,64-128,0.938,0.9436,0.0187,0.9277,1743,1635,1501
73,128-9999,0.9653,0.9564,0.0091,0.9468,144,139,219
74,0-8,0.6918,0.6791,0.0328,0.2737,6382,4415,33462
74,8-16,0.8146,0.7526,0.0194,0.542,10958,8926,48522
74,16-32,0.8545,0.8261,0.0149,0.7705,13434,11480,28280
74,32-64,0.9124,0.905,0.0166,0.8926,6098,5564,7330
74,64-128,0.9357,0.9429,0.0185,0.9277,1743,1631,1510
74,128-9999,0.9583,0.955,0.011,0.9475,144,138,181
75,0-8,0.691,0.6813,0.0337,0.2752,6382,4410,32752
75,8-16,0.8175,0.7517,0.0188,0.5488,10958,8958,48681
75,16-32,0.8564,0.8256,0.0145,0.7676,13434,11505,28788
75,32-64,0.9149,0.9053,0.0156,0.8911,6098,5579,7608
75,64-128,0.9375,0.9435,0.0171,0.9292,1743,1634,1463
75,128-9999,0.9583,0.9559,0.0061,0.9502,144,138,163
76,0-8,0.6935,0.6801,0.0327,0.2759,6382,4426,33406
76,8-16,0.8177,0.753,0.0184,0.5527,10958,8960,48495
76,16-32,0.8555,0.8256,0.0145,0.7734,13434,11493,28456
76,32-64,0.9134,0.9046,0.016,0.8911,6098,5570,7301
76,64-128,0.9369,0.9433,0.0173,0.9282,1743,1633,1448
76,128-9999,0.9583,0.955,0.0117,0.9475,144,138,171
77,0-8,0.689,0.6814,0.0308,0.2815,6382,4397,34127
77,8-16,0.8151,0.7521,0.0188,0.562,10958,8932,48360
77,16-32,0.855,0.8265,0.0146,0.772,13434,11486,27821
77,32-64,0.9147,0.9051,0.0163,0.8901,6098,5578,7250
77,64-128,0.938,0.9438,0.0157,0.9292,1743,1635,1402
77,128-9999,0.9653,0.955,0.0053,0.9512,144,139,187
78,0-8,0.693,0.6841,0.0306,0.2847,6382,4423,34693
78,8-16,0.8116,0.7524,0.0183,0.562,10958,8893,48521
78,16-32,0.8536,0.8254,0.0144,0.7773,13434,11467,27492
78,32-64,0.9119,0.9051,0.0159,0.895,6098,5561,6960
78,64-128,0.9346,0.9441,0.0167,0.9302,1743,1629,1375
78,128-9999,0.9583,0.9537,0.0055,0.9434,144,138,181
79,0-8,0.6912,0.6833,0.0315,0.2783,6382,4411,34766
79,8-16,0.8108,0.753,0.0188,0.5547,10958,8885,48321
79,16-32,0.8523,0.8257,0.0151,0.7739,13434,11450,27703
79,32-64,0.911,0.9052,0.0176,0.894,6098,5555,6872
79,64-128,0.9317,0.9432,0.0186,0.9292,1743,1624,1287
79,128-9999,0.9583,0.9521,0.0057,0.9458,144,138,174
80,0-8,0.6912,0.6825,0.0313,0.2783,6382,4411,33972
80,8-16,0.8105,0.752,0.0179,0.5591,10958,8882,49384
80,16-32,0.851,0.8249,0.0148,0.7773,13434,11432,27530
80,32-64,0.9133,0.9043,0.0173,0.895,6098,5569,6699
80,64-128,0.9323,0.9438,0.0196,0.9307,1743,1625,1328
80,128-9999,0.9583,0.9547,0.0052,0.9458,144,138,191
81,0-8,0.6926,0.6812,0.0324,0.2737,6382,4420,34420
81,8-16,0.8124,0.7512,0.0181,0.5547,10958,8902,49058
81,16-32,0.8499,0.8255,0.015,0.7744,13434,11418,27228
81,32-64,0.9128,0.9051,0.0175,0.895,6098,5566,6987
81,64-128,0.93,0.9433,0.0219,0.9312,1743,1621,1326
81,128-9999,0.9583,0.9534,0.0051,0.9434,144,138,198
82,0-8,0.6952,0.6804,0.0313,0.2783,6382,4437,33904
82,8-16,0.8106,0.7516,0.0184,0.5581,10958,8883,48882
82,16-32,0.852,0.8249,0.015,0.7788,13434,11446,27436
82,32-64,0.9128,0.9054,0.018,0.8955,6098,5566,6930
82,64-128,0.9317,0.9427,0.0215,0.9316,1743,1624,1350
82,128-9999,0.9583,0.9533,0.0056,0.9441,144,138,179
83,0-8,0.6937,0.681,0.0311,0.2783,6382,4427,34153
83,8-16,0.8094,0.752,0.0192,0.5581,10958,8869,48333
83,16-32,0.8512,0.8254,0.0151,0.7773,13434,11435,27649
83,32-64,0.9142,0.9046,0.0178,0.8955,6098,5575,7030
83,64-128,0.9317,0.9433,0.0196,0.9302,1743,1624,1329
83,128-9999,0.9583,0.9539,0.006,0.9458,144,138,166
84,0-8,0.6963,0.6808,0.0308,0.2847,6382,4444,34253
84,8-16,0.8124,0.7515,0.0185,0.5659,10958,8902,48393
84,16-32,0.8511,0.8248,0.0148,0.7773,13434,11434,27758
84,32-64,0.9119,0.905,0.0198,0.8955,6098,5561,6860
84,64-128,0.9277,0.9436,0.0179,0.9307,1743,1617,1230
84,128-9999,0.9583,0.9532,0.0061,0.9458,144,138,163
85,0-8,0.6929,0.6798,0.0316,0.2815,6382,4422,34512
85,8-16,0.8113,0.7524,0.0183,0.5757,10958,8890,48465
85,16-32,0.8491,0.8245,0.0149,0.7798,13434,11407,27736
85,32-64,0.9119,0.9047,0.0188,0.897,6098,5561,6824
85,64-128,0.9294,0.9427,0.0184,0.9307,1743,1620,1247
85,128-9999,0.9583,0.9505,0.0058,0.9465,144,138,173
86,0-8,0.6923,0.6795,0.0315,0.2815,6382,4418,34296
86,8-16,0.8123,0.7529,0.0183,0.5737,10958,8901,48521
86,16-32,0.8482,0.8254,0.0148,0.7827,13434,11395,27764
86,32-64,0.9126,0.9045,0.0194,0.897,6098,5565,6941
86,64-128,0.9283,0.9428,0.0176,0.9329,1743,1618,1247
86,128-9999,0.9583,0.9534,0.0056,0.9492,144,138,177
87,0-8,0.6924,0.6802,0.0311,0.2847,6382,4419,34412
87,8-16,0.8128,0.7531,0.0177,0.5815,10958,8907,48843
87,16-32,0.848,0.8252,0.0148,0.7852,13434,11392,27411
87,32-64,0.9114,0.9051,0.018,0.897,6098,5558,6827
87,64-128,0.922,0.9419,0.0213,0.9316,1743,1607,1267
87,128-9999,0.9583,0.9533,0.0063,0.9482,144,138,160
88,0-8,0.6896,0.6801,0.0304,0.2847,6382,4401,34618
88,8-16,0.8125,0.7527,0.0179,0.5776,10958,8903,48879
88,16-32,0.8475,0.8252,0.0157,0.7827,13434,11385,27154
88,32-64,0.911,0.9046,0.0189,0.8965,6098,5555,6714
88,64-128,0.9248,0.9426,0.0239,0.9304,1743,1612,1256
88,128-9999,0.9583,0.9539,0.0063,0.9502,144,138,160
89,0-8,0.6923,0.6806,0.0306,0.283,6382,4418,34915
89,8-16,0.8124,0.7525,0.0177,0.5796,10958,8902,48413
89,16-32,0.8469,0.8262,0.0151,0.7881,13434,11377,27046
89,32-64,0.9093,0.905,0.0181,0.897,6098,5545,6742
89,64-128,0.9277,0.9425,0.0169,0.9316,1743,1617,1298
89,128-9999,0.9514,0.9517,0.0128,0.9497,144,137,156
90,0-8,0.6904,0.681,0.0302,0.2847,6382,4406,34842
90,8-16,0.8116,0.7522,0.0188,0.5757,10958,8894,48163
90,16-32,0.8469,0.8245,0.0152,0.7842,13434,11377,27581
90,32-64,0.9072,0.9044,0.0189,0.8955,6098,5532,6882
90,64-128,0.9243,0.9425,0.023,0.9287,1743,1611,1218
90,128-9999,0.9514,0.9535,0.0141,0.9487,144,137,142
91,0-8,0.6905,0.683,0.0303,0.2861,6382,4407,34832
91,8-16,0.811,0.7518,0.019,0.5796,10958,8887,48260
91,16-32,0.8463,0.8247,0.0156,0.7827,13434,11369,27520
91,32-64,0.9067,0.9044,0.02,0.8965,6098,5529,6762
91,64-128,0.9214,0.9426,0.0253,0.9302,1743,1606,1184
91,128-9999,0.9444,0.9535,0.0217,0.9477,144,136,138
92,0-8,0.6916,0.6807,0.0314,0.2878,6382,4414,34826
92,8-16,0.8116,0.7513,0.0185,0.5796,10958,8894,48164
92,16-32,0.8454,0.8243,0.015,0.7852,13434,11357,27442
92,32-64,0.9055,0.905,0.0195,0.8975,6098,5522,6714
92,64-128,0.9225,0.9425,0.0211,0.9312,1743,1608,1184
92,128-9999,0.9444,0.9536,0.0138,0.9485,144,136,145
93,0-8,0.6927,0.6808,0.0298,0.2878,6382,4421,35085
93,8-16,0.8086,0.7511,0.018,0.585,10958,8861,48457
93,16-32,0.8439,0.8238,0.0155,0.7866,13434,11337,26837
93,32-64,0.9044,0.9053,0.0198,0.8975,6098,5515,6502
93,64-128,0.9225,0.9434,0.0228,0.9326,1743,1608,1185
93,128-9999,0.9514,0.9517,0.0211,0.9477,144,137,142
94,0-8,0.6915,0.6799,0.0308,0.2847,6382,4413,34959
94,8-16,0.8096,0.7504,0.0183,0.5889,10958,8872,48238
94,16-32,0.8434,0.8239,0.0153,0.7881,13434,11330,26949
94,32-64,0.9046,0.905,0.0202,0.8984,6098,5516,6524
94,64-128,0.9231,0.9441,0.0196,0.9336,1743,1609,1176
94,128-9999,0.9514,0.9524,0.0155,0.9468,144,137,129
95,0-8,0.6918,0.6816,0.0309,0.2861,6382,4415,35113
95,8-16,0.8082,0.7504,0.0187,0.5889,10958,8856,48191
95,16-32,0.8421,0.8241,0.0155,0.792,13434,11313,26928
95,32-64,0.9036,0.9047,0.0202,0.8999,6098,5510,6497
95,64-128,0.9214,0.9444,0.0216,0.9341,1743,1606,1157
95,128-9999,0.9514,0.9535,0.0236,0.9482,144,137,127
96,0-8,0.6902,0.6817,0.0306,0.2893,6382,4405,35210
96,8-16,0.8084,0.7507,0.0185,0.5928,10958,8858,48256
96,16-32,0.8409,0.8243,0.0158,0.7944,13434,11297,26565
96,32-64,0.9039,0.9046,0.0201,0.8999,6098,5512,6515
96,64-128,0.9197,0.9436,0.0253,0.9341,1743,1603,1147
96,128-9999,0.9514,0.9533,0.0246,0.9492,144,137,122
97,0-8,0.6921,0.6812,0.0312,0.2878,6382,4417,35145
97,8-16,0.8064,0.7514,0.0183,0.5947,10958,8836,48202
97,16-32,0.8419,0.824,0.0158,0.7959,13434,11310,26441
97,32-64,0.9037,0.9044,0.0201,0.9014,6098,5511,6425
97,64-128,0.9191,0.9441,0.0256,0.9336,1743,1602,1133
97,128-9999,0.9514,0.9531,0.025,0.9502,144,137,120
98,0-8,0.6918,0.6813,0.0309,0.2893,6382,4415,35157
98,8-16,0.8074,0.7517,0.0187,0.5947,10958,8847,48172
98,16-32,0.842,0.8239,0.0158,0.7969,13434,11312,26360
98,32-64,0.9028,0.9041,0.0202,0.9014,6098,5505,6388
98,64-128,0.9191,0.944,0.0268,0.9341,1743,1602,1120
98,128-9999,0.9514,0.9522,0.032,0.9497,144,137,125
99,0-8,0.6927,0.6815,0.031,0.2893,6382,4421,35153
99,8-16,0.8064,0.7513,0.0188,0.5947,10958,8837,48180
99,16-32,0.842,0.8239,0.0159,0.7969,13434,11312,26310
99,32-64,0.9021,0.9042,0.0198,0.9019,6098,5501,6398
99,64-128,0.9197,0.9439,0.0268,0.9346,1743,1603,1121
99,128-9999,0.9514,0.9525,0.0323,0.9492,144,137,124
